{"cameraMode":{"drawMode":0,"name":"Shaded","section":"Shading Mode"},"sceneLighting":true,"audioPlay":false,"sceneViewState":{"m_AlwaysRefresh":false,"showFog":true,"showSkybox":true,"showFlares":true,"showImageEffects":true,"showParticleSystems":true,"showVisualEffectGraphs":true,"m_FxEnabled":true},"in2DMode":false,"pivot":{"x":0.004617823287844658,"y":1.1393934488296509,"z":-0.1107323169708252},"rotation":{"x":-0.1215086430311203,"y":-0.0008961288258433342,"z":0.00010958841448882595,"w":-0.9925903081893921},"size":1.3497453927993775,"orthographic":false}