{"cameraMode":{"drawMode":0,"name":"Shaded","section":"Shading Mode"},"sceneLighting":true,"audioPlay":false,"sceneViewState":{"m_AlwaysRefresh":false,"showFog":true,"showSkybox":true,"showFlares":true,"showImageEffects":true,"showParticleSystems":true,"showVisualEffectGraphs":true,"m_FxEnabled":true},"in2DMode":false,"pivot":{"x":287.4197998046875,"y":137.77696228027345,"z":33.3312873840332},"rotation":{"x":-0.1215086430311203,"y":-0.0008961288258433342,"z":0.00010958841448882595,"w":-0.9925903081893921},"size":330.2994079589844,"orthographic":false}